targets,runtime
0,0.010249999999999999
50,1.162696
100,2.6268529999999997
150,4.432586
200,5.8846359999999995
250,7.657693
300,9.349974
350,11.283323
400,13.661532999999999
450,16.553503
500,18.183432
550,21.458101
600,25.390971999999998
650,26.048147999999998
700,30.659419
750,31.864470999999998
800,37.773855
850,39.415386999999996
900,43.931988
950,50.648309999999995
1000,51.468643
