targets,runtime
0,0.010706
50,0.837494
100,1.5744289999999999
150,2.469833
200,3.1502459999999997
250,3.846206
300,4.89232
350,5.525504
400,6.072806
450,6.934626
500,7.982494999999999
550,8.598872
600,9.45528
650,10.229868999999999
700,11.004287
750,11.513271999999999
800,12.511980999999999
850,13.429646
900,14.153995
950,15.197548
1000,15.596241
