targets,runtime
0,0.010239999999999999
50,1.046274
100,1.9386409999999998
150,3.013473
200,3.8018259999999997
250,4.954028
300,6.006418
350,6.878043
400,7.475199
450,9.242784
500,10.142446999999999
550,10.898461
600,11.345466
650,12.841344
700,13.303984999999999
750,14.748889
800,16.002485
850,16.598755999999998
900,17.844859
950,18.010232
1000,19.837785
