targets,runtime
0,0.010483
50,0.10854699999999999
100,0.19871
150,0.294806
200,0.38164499999999996
250,0.463377
300,0.5737869999999999
350,0.757203
400,0.744842
450,0.961152
500,0.949936
550,1.059176
600,1.144997
650,1.287181
700,1.32951
750,1.4353129999999998
800,1.561435
850,1.6193259999999998
900,1.702377
950,1.753026
1000,1.898391
