targets,runtime
0,0.011397
50,1.123773
100,2.1215919999999997
150,3.051062
200,4.49616
250,5.691173
300,6.358624
350,8.399054
400,9.453973
450,10.024374
500,13.210037999999999
550,13.517396
600,15.488019999999999
650,17.506531
700,17.529937999999998
750,19.545322
800,23.050473
850,23.571012
900,25.522022
950,27.029113
1000,29.763119999999997
