targets,runtime
0,0.010310999999999999
50,0.789323
100,1.5074539999999998
150,2.379577
200,3.340877
250,4.078506
300,4.848545
350,5.580953999999999
400,6.638649
450,7.27518
500,8.355267
550,8.905935
600,10.010467
650,11.036463
700,11.70511
750,12.61763
800,13.289558
850,16.736572
900,15.320858
950,16.522897999999998
1000,16.536825
