targets,runtime
0,0.011006
50,1.458751
100,3.273657
150,5.031109
200,7.188206
250,9.503535
300,12.431566
350,15.586602
400,19.850582
450,23.264001999999998
500,25.584550999999998
550,30.755118999999997
600,35.170017
650,38.149578
700,43.166523999999995
750,49.661590999999994
800,53.846399
850,57.99234
900,63.666095999999996
950,68.63559
1000,73.20197399999999
