targets,runtime
0,0.011389999999999999
50,1.109288
100,2.216701
150,3.422504
200,4.379078
250,5.503062
300,7.087135
350,8.360116999999999
400,8.790747
450,10.600213
500,11.641344
550,12.865255999999999
600,13.765829
650,14.543894
700,16.222936999999998
750,18.070539
800,18.384475
850,19.988991
900,21.51393
950,21.791354
1000,22.320483
