targets,runtime
0,0.00971
50,1.361792
100,2.691182
150,3.73879
200,5.430984
250,6.507364
300,7.873466
350,8.993074
400,10.865599
450,11.710132999999999
500,13.875256
550,14.656607
600,16.101627999999998
650,17.588729999999998
700,19.321429
750,19.916294
800,22.057408
850,23.065181
900,23.415525
950,24.931335999999998
1000,26.412326
