targets,runtime
0,0.00974
50,0.121624
100,0.18487099999999998
150,0.396176
200,0.39474299999999996
250,0.473616
300,0.570395
350,0.706321
400,0.8244159999999999
450,0.853258
500,1.005466
550,1.047003
600,1.177452
650,1.273895
700,1.358542
750,1.4569839999999998
800,1.483776
850,1.7169969999999999
900,1.704118
950,1.834028
1000,1.907999
